{
  "gizmos-infos": {
    "is2D": true,
    "is3DIcon": false,
    "iconSize": 2,
    "gridVisible": true,
    "gridColor": [
      166,
      166,
      166,
      255
    ],
    "transformToolName": "position",
    "pivot": "pivot",
    "coordinate": "local",
    "toolsVisibility3d": true
  },
  "__version__": "1.0.0",
  "builder": {},
  "snap-configs": {
    "position": {
      "x": 1,
      "y": 1,
      "z": 1
    },
    "rotation": 1,
    "scale": 1,
    "isPositionSnapEnabled": false,
    "isRotationSnapEnabled": false,
    "isScaleSnapEnabled": false
  },
  "rect-snap-configs": {
    "enableSnapping": true,
    "snapThreshold": 4
  },
  "float-window": {
    "position": {
      "cc": {
        "Camera": {
          "dock": false,
          "top": null,
          "bottom": 10,
          "left": null,
          "right": 10
        }
      }
    }
  },
  "camera-infos": {
    "18e39b92-66b3-46fb-8198-2fd4d0e346d4": {
      "position": {
        "x": 446.619116996256,
        "y": 723.1379717168878,
        "z": 5000
      },
      "rotation": {
        "x": 0,
        "y": 0,
        "z": 0,
        "w": 1
      },
      "viewCenter": {
        "x": 0,
        "y": 0,
        "z": 0
      },
      "contentRect": {
        "x": 160.82771758307558,
        "y": 580.2422720102976,
        "width": 420,
        "height": 210
      },
      "scale": 0.7348016785361492
    },
    "1ae82644-1141-4f00-8127-06260397499c": {
      "position": {
        "x": 240.0000000000001,
        "y": 425,
        "z": 5000
      },
      "rotation": {
        "x": 0,
        "y": 0,
        "z": 0,
        "w": 1
      },
      "viewCenter": {
        "x": 0,
        "y": 0,
        "z": 0
      },
      "contentRect": {
        "x": -380.65548780487796,
        "y": -5.182926829268155,
        "width": 518.6258823529413,
        "height": 918.4000000000002
      },
      "scale": 1.0804705882352943
    },
    "83b1ba08-a8ef-45e9-8f04-cd875e7a827b": {
      "position": {
        "x": 200.32578907745471,
        "y": 413.0443049976543,
        "z": 5000
      },
      "rotation": {
        "x": 0,
        "y": 0,
        "z": 0,
        "w": 1
      },
      "viewCenter": {
        "x": 0,
        "y": 0,
        "z": 0
      },
      "contentRect": {
        "x": 21.163453389904888,
        "y": 95.77766888428486,
        "width": 1341.2,
        "height": 929.6
      },
      "scale": 1.4473630307471517
    },
    "ac04d4a9-ac93-4932-bc08-37a5e88cf53a": {
      "position": {
        "x": 689.0433333333332,
        "y": 630.44,
        "z": 5000
      },
      "rotation": {
        "x": 0,
        "y": 0,
        "z": 0,
        "w": 1
      },
      "viewCenter": {
        "x": 0,
        "y": 0,
        "z": 0
      },
      "contentRect": {
        "x": 935.2941176470589,
        "y": 0,
        "width": 2100,
        "height": 1400
      },
      "scale": 0.7
    },
    "edd24256-fdc1-4abd-81b6-f1a162fa43ca": {
      "position": {
        "x": 239.29333333333335,
        "y": 425.7066666666667,
        "z": 5000
      },
      "rotation": {
        "x": 0,
        "y": 0,
        "z": 0,
        "w": 1
      },
      "viewCenter": {
        "x": 0,
        "y": 0,
        "z": 0
      },
      "contentRect": {
        "x": 0,
        "y": 0,
        "width": 336,
        "height": 595
      },
      "scale": 0.7
    },
    "da109a1c-644e-4578-b703-a1f20d11576a": {
      "position": {
        "x": 325.0965570371609,
        "y": 809.3614192606065,
        "z": 5000
      },
      "rotation": {
        "x": 0,
        "y": 0,
        "z": 0,
        "w": 1
      },
      "viewCenter": {
        "x": 240,
        "y": 425.00000000000006,
        "z": -23.766017640550672
      },
      "contentRect": {
        "x": -640.9050947518613,
        "y": 147.8822088497521,
        "width": 1341.2,
        "height": 918.4000000000001
      },
      "scale": 0.6942017115168052
    }
  },
  "camera-uuids": [
    "18e39b92-66b3-46fb-8198-2fd4d0e346d4",
    "1ae82644-1141-4f00-8127-06260397499c",
    "83b1ba08-a8ef-45e9-8f04-cd875e7a827b",
    "ac04d4a9-ac93-4932-bc08-37a5e88cf53a",
    "edd24256-fdc1-4abd-81b6-f1a162fa43ca",
    "da109a1c-644e-4578-b703-a1f20d11576a"
  ],
  "camera": {
    "color": [
      48,
      48,
      48,
      255
    ],
    "fov": 45,
    "far": 10000,
    "near": 0.01,
    "wheelSpeed": 0.01,
    "wanderSpeed": 10,
    "enableAcceleration": true,
    "size": "__default_design__",
    "far2D": 10000,
    "near2D": 1,
    "wheelSpeed2D": 6,
    "iso": 0,
    "aperture": 19,
    "shutter": 7
  },
  "scene_view": {
    "isSceneLightOn": true,
    "output_device": "__default_design__"
  }
}
