{
  "gizmos-infos": {
    "is2D": true,
    "is3DIcon": false,
    "iconSize": 2,
    "gridVisible": true,
    "gridColor": [
      166,
      166,
      166,
      255
    ],
    "transformToolName": "position",
    "pivot": "pivot",
    "coordinate": "local",
    "toolsVisibility3d": true
  },
  "__version__": "1.0.0",
  "builder": {},
  "snap-configs": {
    "position": {
      "x": 1,
      "y": 1,
      "z": 1
    },
    "rotation": 1,
    "scale": 1,
    "isPositionSnapEnabled": false,
    "isRotationSnapEnabled": false,
    "isScaleSnapEnabled": false
  },
  "rect-snap-configs": {
    "enableSnapping": true,
    "snapThreshold": 4
  },
  "float-window": {
    "position": {
      "cc": {
        "Camera": {
          "dock": false,
          "top": null,
          "bottom": 10,
          "left": null,
          "right": 10
        }
      }
    }
  },
  "camera-infos": {
    "18e39b92-66b3-46fb-8198-2fd4d0e346d4": {
      "position": {
        "x": 446.619116996256,
        "y": 723.1379717168878,
        "z": 5000
      },
      "rotation": {
        "x": 0,
        "y": 0,
        "z": 0,
        "w": 1
      },
      "viewCenter": {
        "x": 0,
        "y": 0,
        "z": 0
      },
      "contentRect": {
        "x": 160.82771758307558,
        "y": 580.2422720102976,
        "width": 420,
        "height": 210
      },
      "scale": 0.7348016785361492
    },
    "1ae82644-1141-4f00-8127-06260397499c": {
      "position": {
        "x": 240.0000000000001,
        "y": 425,
        "z": 5000
      },
      "rotation": {
        "x": 0,
        "y": 0,
        "z": 0,
        "w": 1
      },
      "viewCenter": {
        "x": 0,
        "y": 0,
        "z": 0
      },
      "contentRect": {
        "x": -380.65548780487796,
        "y": -5.182926829268155,
        "width": 518.6258823529413,
        "height": 918.4000000000002
      },
      "scale": 1.0804705882352943
    },
    "83b1ba08-a8ef-45e9-8f04-cd875e7a827b": {
      "position": {
        "x": 200.32578907745471,
        "y": 413.0443049976543,
        "z": 5000
      },
      "rotation": {
        "x": 0,
        "y": 0,
        "z": 0,
        "w": 1
      },
      "viewCenter": {
        "x": 0,
        "y": 0,
        "z": 0
      },
      "contentRect": {
        "x": 21.163453389904888,
        "y": 95.77766888428486,
        "width": 1341.2,
        "height": 929.6
      },
      "scale": 1.4473630307471517
    },
    "ac04d4a9-ac93-4932-bc08-37a5e88cf53a": {
      "position": {
        "x": 689.0433333333332,
        "y": 630.44,
        "z": 5000
      },
      "rotation": {
        "x": 0,
        "y": 0,
        "z": 0,
        "w": 1
      },
      "viewCenter": {
        "x": 0,
        "y": 0,
        "z": 0
      },
      "contentRect": {
        "x": 935.2941176470589,
        "y": 0,
        "width": 2100,
        "height": 1400
      },
      "scale": 0.7
    },
    "edd24256-fdc1-4abd-81b6-f1a162fa43ca": {
      "position": {
        "x": 239.29333333333335,
        "y": 425.7066666666667,
        "z": 5000
      },
      "rotation": {
        "x": 0,
        "y": 0,
        "z": 0,
        "w": 1
      },
      "viewCenter": {
        "x": 0,
        "y": 0,
        "z": 0
      },
      "contentRect": {
        "x": 0,
        "y": 0,
        "width": 336,
        "height": 595
      },
      "scale": 0.7
    },
    "11f7a7d6-9dcc-4ebb-8f83-a104c89d4049": {
      "position": {
        "x": 239.51333333333335,
        "y": 425.48666666666674,
        "z": 5000
      },
      "rotation": {
        "x": 0,
        "y": 0,
        "z": 0,
        "w": 1
      },
      "viewCenter": {
        "x": 0,
        "y": 0,
        "z": 0
      },
      "contentRect": {
        "x": 0,
        "y": 0,
        "width": 336,
        "height": 595
      },
      "scale": 0.7
    },
    "46933750-01e7-4fae-a773-010648d24d88": {
      "position": {
        "x": 239.28833333333336,
        "y": 425.7116666666667,
        "z": 5000
      },
      "rotation": {
        "x": 0,
        "y": 0,
        "z": 0,
        "w": 1
      },
      "viewCenter": {
        "x": 0,
        "y": 0,
        "z": 0
      },
      "contentRect": {
        "x": 0,
        "y": 0,
        "width": 336,
        "height": 595
      },
      "scale": 0.7
    },
    "7af82933-e2f9-43de-98eb-cc299d208315": {
      "position": {
        "x": 239.31333333333333,
        "y": 425.6866666666667,
        "z": 5000
      },
      "rotation": {
        "x": 0,
        "y": 0,
        "z": 0,
        "w": 1
      },
      "viewCenter": {
        "x": 0,
        "y": 0,
        "z": 0
      },
      "contentRect": {
        "x": 0,
        "y": 0,
        "width": 336,
        "height": 595
      },
      "scale": 0.7
    },
    "9431c483-d36c-4ed7-8524-bd1cbe666545": {
      "position": {
        "x": 239.29333333333335,
        "y": 425.7066666666667,
        "z": 5000
      },
      "rotation": {
        "x": 0,
        "y": 0,
        "z": 0,
        "w": 1
      },
      "viewCenter": {
        "x": 0,
        "y": 0,
        "z": 0
      },
      "contentRect": {
        "x": 0,
        "y": 0,
        "width": 336,
        "height": 595
      },
      "scale": 0.7
    },
    "914fec7d-1139-47ae-873c-ffae33c1a1f8": {
      "position": {
        "x": 239.23333333333335,
        "y": 425.7666666666667,
        "z": 5000
      },
      "rotation": {
        "x": 0,
        "y": 0,
        "z": 0,
        "w": 1
      },
      "viewCenter": {
        "x": 0,
        "y": 0,
        "z": 0
      },
      "contentRect": {
        "x": 0,
        "y": 0,
        "width": 336,
        "height": 595
      },
      "scale": 0.7
    },
    "bd79da16-056d-4775-8b9f-810f06bfb709": {
      "position": {
        "x": 239.27333333333334,
        "y": 425.7266666666667,
        "z": 5000
      },
      "rotation": {
        "x": 0,
        "y": 0,
        "z": 0,
        "w": 1
      },
      "viewCenter": {
        "x": 0,
        "y": 0,
        "z": 0
      },
      "contentRect": {
        "x": 0,
        "y": 0,
        "width": 336,
        "height": 595
      },
      "scale": 0.7
    },
    "499c158b-06d0-46a9-bd68-6d9815e59142": {
      "position": {
        "x": 239.33833333333334,
        "y": 425.6616666666667,
        "z": 5000
      },
      "rotation": {
        "x": 0,
        "y": 0,
        "z": 0,
        "w": 1
      },
      "viewCenter": {
        "x": 0,
        "y": 0,
        "z": 0
      },
      "contentRect": {
        "x": 0,
        "y": 0,
        "width": 336,
        "height": 595
      },
      "scale": 0.7
    },
    "956e639b-ea9b-4fc5-b716-53df5de3bdcc": {
      "position": {
        "x": 239.33833333333334,
        "y": 425.6616666666667,
        "z": 5000
      },
      "rotation": {
        "x": 0,
        "y": 0,
        "z": 0,
        "w": 1
      },
      "viewCenter": {
        "x": 0,
        "y": 0,
        "z": 0
      },
      "contentRect": {
        "x": 0,
        "y": 0,
        "width": 336,
        "height": 595
      },
      "scale": 0.7
    },
    "65b45421-12cf-4f24-a665-56ea1398b55d": {
      "position": {
        "x": 239.43833333333333,
        "y": 425.5616666666667,
        "z": 5000
      },
      "rotation": {
        "x": 0,
        "y": 0,
        "z": 0,
        "w": 1
      },
      "viewCenter": {
        "x": 0,
        "y": 0,
        "z": 0
      },
      "contentRect": {
        "x": 0,
        "y": 0,
        "width": 336,
        "height": 595
      },
      "scale": 0.7
    },
    "894e5946-641c-467f-97fe-4b33f939389e": {
      "position": {
        "x": 239.24333333333334,
        "y": 425.7566666666667,
        "z": 5000
      },
      "rotation": {
        "x": 0,
        "y": 0,
        "z": 0,
        "w": 1
      },
      "viewCenter": {
        "x": 0,
        "y": 0,
        "z": 0
      },
      "contentRect": {
        "x": 0,
        "y": 0,
        "width": 336,
        "height": 595
      },
      "scale": 0.7
    },